{
  "id": "res2",
  "Res_Name": "Habibiz1",
  "category": [
    {
      "type": "Appetizers",
      "url": "https://blah.com/pic"
    },
    {
      "type": "Drinks",
      "url": "https://blah.com/pic"
    },
    {
      "type": "Main Course",
      "url": "https://blah.com/pic"
    },
    {
      "type": "Dessert",
      "url": "https://blah.com/pic"
    }
  ],
  "Appetizers": [
    {
      "name": "Minced Beef Mushroom",
      "price": "12.99",
      "details": "Ground beef with soup-cream of Mushrooms"
    },
    {
      "name": "Beef diced potatoes",
      "price": "10.99",
      "details": "Stewed ground beef with minced potatoes"
    },
    {
      "name": "Butter fried chicken",
      "price": "10.99",
      "details": "Deep-fried chiken wings drowned in liquid butter"
    },
    {
      "name": "Beef cheese rolling",
      "price": "10.99",
      "details": "String cheese surrounded with a ground beef filling wrapped in a tortilla and baked together"
    },
    {
      "name": "Butter fried chicken",
      "price": "10.99",
      "details": "Deep-fried chiken wings drowned in liquid butter"
    }
  ],
  "Drinks": [
    {
      "name": "Coke",
      "price": "1.99",
      "details": "Served in a iced glass"
    },
    {
      "name": "beer",
      "price": "6.99",
      "details": "12oz pitcher"
    },
    {
      "name": "hot coffee",
      "price": "4.99",
      "details": "Hot drink served with whip cream on top"
    },
    {
      "name": "cold coffee",
      "price": "3.99",
      "details": "made with crushed ice & 2% milk"
    },
    {
      "name": "Mineral water",
      "price": "1.99",
      "details": "Fresh spring water"
    }
  ],
  "Main Course": [
    {
      "name": "Minced Beef Mushroom",
      "price": "12.99",
      "details": "Ground beef with soup-cream of Mushrooms"
    },
    {
      "name": "Beef diced potatoes",
      "price": "10.99",
      "details": "Stewed ground beef with minced potatoes"
    },
    {
      "name": "Butter fried chicken",
      "price": "10.99",
      "details": "Deep-fried chiken wings drowned in liquid butter"
    },
    {
      "name": "Beef cheese rolling",
      "price": "10.99",
      "details": "String cheese surrounded with a ground beef filling wrapped in a tortilla and baked together"
    },
    {
      "name": "Butter fried chicken",
      "price": "10.99",
      "details": "Deep-fried chiken wings drowned in liquid butter"
    }
  ],
  "Dessert": [
    {
      "name": "Minced Beef Mushroom",
      "price": "12.99",
      "details": "Ground beef with soup-cream of Mushrooms"
    },
    {
      "name": "Beef diced potatoes",
      "price": "10.99",
      "details": "Stewed ground beef with minced potatoes"
    },
    {
      "name": "Butter fried chicken",
      "price": "10.99",
      "details": "Deep-fried chiken wings drowned in liquid butter"
    },
    {
      "name": "Beef cheese rolling",
      "price": "10.99",
      "details": "String cheese surrounded with a ground beef filling wrapped in a tortilla and baked together"
    },
    {
      "name": "Butter fried chicken",
      "price": "10.99",
      "details": "Deep-fried chiken wings drowned in liquid butter"
    }
  ]
}